ActivityDate,Calories,TotalSteps,TotalDistance,SedentaryMinutes,LightlyActiveMinutes,FairlyActiveMinutes,VeryActiveMinutes,ActivityCalories,Id
2024-01-02,,3842,1.05,1315,74,19,32,643.0,1
2024-01-03,,5884,2.26,1326,72,6,36,642.0,1
2024-01-04,,298,0.13,1438,2,0,0,5.0,1
2024-01-06,,3517,1.45,1358,61,4,17,361.0,1
2024-01-09,,287,0.12,1409,31,0,0,114.0,1
2024-01-10,,359,0.15,1398,42,0,0,201.0,1
2024-01-11,,2788,1.18,1368,62,4,6,305.0,1
2024-01-13,,4006,1.43,1284,66,35,55,830.0,1
2024-01-14,,620,0.26,1240,115,28,57,1056.0,1
2024-01-16,,5850,2.44,1340,62,4,34,549.0,1
2024-01-17,,2509,0.47,1363,25,7,45,492.0,1
2024-01-21,,10053,4.17,1301,51,35,53,743.0,1
2024-01-22,,2158,0.38,1362,27,5,46,517.0,1
2024-01-23,,3457,1.47,1348,58,26,8,409.0,1
2024-01-24,,8906,3.77,1278,84,28,50,800.0,1
2024-01-25,,3791,1.61,1378,40,0,22,321.0,1
2024-01-26,,1868,0.62,1364,49,18,9,334.0,1
2024-01-27,,18616,7.89,1030,381,21,8,1631.0,1
2024-01-28,,7675,3.29,1316,67,13,44,664.0,1
2024-01-29,,1979,0.42,1373,26,4,37,418.0,1
2024-01-30,,6513,2.76,1282,41,46,71,906.0,1
2016-03-25,1819.0,11004,7.1100001335144,804,205,12,33,,1503960366
2016-03-26,2154.0,17609,11.5500001907349,588,274,17,89,,1503960366
2016-03-27,1944.0,12736,8.52999973297119,605,268,5,56,,1503960366
2016-03-28,1932.0,13231,8.93000030517578,1080,224,20,39,,1503960366
2016-03-29,1886.0,12041,7.84999990463257,763,243,28,28,,1503960366
2016-03-30,1820.0,10970,7.15999984741211,1174,223,13,30,,1503960366
2016-03-31,1889.0,12256,7.8600001335144,820,239,12,33,,1503960366
2016-04-01,1868.0,12262,7.86999988555908,866,200,21,47,,1503960366
2016-04-02,1843.0,11248,7.25,636,244,11,40,,1503960366
2016-04-03,1850.0,10016,6.36999988555908,655,314,30,15,,1503960366
2016-04-04,2030.0,14557,9.80000019073486,757,285,18,43,,1503960366
2016-04-05,2083.0,14844,9.72999954223633,736,341,18,36,,1503960366
2016-04-06,1861.0,11974,7.67000007629395,1173,228,12,27,,1503960366
2016-04-07,1755.0,10198,6.44000005722046,1208,195,20,17,,1503960366
2016-04-08,1895.0,12521,7.94000005722046,1160,212,22,46,,1503960366
2016-04-09,1883.0,12432,8.10000038146973,738,248,15,32,,1503960366
2016-04-10,1755.0,10057,6.98000001907349,737,168,13,44,,1503960366
2016-04-11,1811.0,10990,7.26000022888184,855,216,14,26,,1503960366
2016-04-12,50.0,224,0.140000000596046,32,9,0,0,,1503960366
2016-03-25,1373.0,1810,1.17999994754791,1319,121,0,0,,1624580081
2016-03-26,1264.0,815,0.529999971389771,1393,47,0,0,,1624580081
2016-03-27,1350.0,1985,1.28999996185303,1328,112,0,0,,1624580081
2016-03-28,1342.0,1905,1.24000000953674,1345,95,0,0,,1624580081
2016-03-29,1300.0,1552,1.00999999046326,1374,66,0,0,,1624580081
2016-03-30,1313.0,1675,1.0900000333786,1356,84,0,0,,1624580081
2016-03-31,1498.0,4506,2.9300000667572,1285,144,4,7,,1624580081
2016-04-01,1541.0,9218,5.98999977111816,1219,221,0,0,,1624580081
2016-04-02,1327.0,1556,1.00999999046326,1352,88,0,0,,1624580081
2016-04-03,1452.0,2910,1.88999998569489,1283,157,0,0,,1624580081
2016-04-04,1574.0,18464,12.0,1170,270,0,0,,1624580081
2016-04-05,1308.0,1335,0.870000004768372,1366,74,0,0,,1624580081
2016-04-06,1276.0,1004,0.649999976158142,1385,55,0,0,,1624580081
2016-04-07,1278.0,1111,0.720000028610229,1386,54,0,0,,1624580081
2016-04-08,1409.0,6344,4.11999988555908,1297,143,0,0,,1624580081
2016-04-09,1370.0,3572,2.3199999332428,1318,122,0,0,,1624580081
2016-04-10,1555.0,3910,2.53999996185303,1240,186,7,7,,1624580081
2016-04-11,1469.0,10000,6.5,1268,172,0,0,,1624580081
2016-04-12,706.0,6627,4.30999994277954,604,89,0,0,,1624580081
2016-04-01,3323.0,4636,3.41000008583069,838,586,16,0,,1644430081
2016-04-02,4029.0,20237,14.710000038147,918,347,141,34,,1644430081
2016-04-03,3436.0,12912,9.40999984741211,1082,283,16,59,,1644430081
2016-04-04,2444.0,2819,2.04999995231628,1345,87,4,4,,1644430081
2016-04-05,3098.0,9921,7.21000003814697,1181,219,35,5,,1644430081
2016-04-06,2925.0,8046,5.84999990463257,1244,137,41,18,,1644430081
2016-04-07,3202.0,11166,8.11999988555908,1149,230,58,3,,1644430081
2016-04-08,2928.0,7842,5.69999980926514,1229,161,43,7,,1644430081
2016-04-09,3290.0,13840,10.0600004196167,1149,192,81,18,,1644430081
2016-04-10,489.0,1329,0.970000028610229,207,35,0,0,,1644430081
2016-04-01,1969.0,6847,4.53000020980835,1171,251,9,9,,1844505072
2016-04-02,1889.0,5367,3.54999995231628,1177,263,0,0,,1844505072
2016-04-03,1636.0,2841,1.87999999523163,1114,136,0,0,,1844505072
2016-04-06,1349.0,7,0.0,1439,1,0,0,,1844505072
2016-04-07,1965.0,6344,4.19000005722046,1150,290,0,0,,1844505072
2016-04-08,1824.0,5316,3.50999999046326,1219,221,0,0,,1844505072
2016-04-09,1807.0,4979,3.28999996185303,620,184,0,0,,1844505072
2016-04-10,1971.0,6556,4.34000015258789,810,305,0,0,,1844505072
2016-04-11,1888.0,5430,3.58999991416931,1189,251,0,0,,1844505072
2016-04-01,2590.0,4317,2.99000000953674,854,192,11,0,,1927972279
2016-04-02,2783.0,5662,3.92000007629395,858,267,0,0,,1927972279
2016-04-03,2449.0,3198,2.21000003814697,1183,146,0,0,,1927972279
2016-04-04,2380.0,2352,1.62999999523163,829,128,0,0,,1927972279
2016-04-05,2344.0,2234,1.54999995231628,912,108,0,0,,1927972279
2016-04-06,2202.0,1259,0.870000004768372,938,73,0,0,,1927972279
2016-04-07,2130.0,768,0.529999971389771,1397,43,0,0,,1927972279
2016-04-08,2088.0,519,0.360000014305115,1406,34,0,0,,1927972279
2016-04-09,2443.0,2523,1.75,1250,134,9,0,,1927972279
2016-04-10,2442.0,2105,1.46000003814697,805,139,0,0,,1927972279
2016-04-11,2255.0,1209,0.839999973773956,842,73,0,0,,1927972279
2016-04-12,942.0,24,0.0199999995529652,161,3,0,0,,1927972279
2016-04-01,2645.0,13603,9.60000038146973,1139,213,16,72,,2022484408
2016-04-02,2040.0,5477,3.83999991416931,1203,237,0,0,,2022484408
2016-04-03,2395.0,11144,7.82000017166138,1114,279,22,25,,2022484408
2016-04-04,2581.0,15313,11.0,1126,233,19,62,,2022484408
2016-04-05,2735.0,10805,7.59000015258789,1069,298,37,36,,2022484408
2016-04-06,2733.0,15392,10.9300003051758,1093,258,42,47,,2022484408
2016-04-07,3021.0,18247,13.8299999237061,1054,252,62,72,,2022484408
2016-04-08,2577.0,13023,9.26000022888184,1092,296,12,40,,2022484408
2016-04-09,2811.0,16267,12.5900001525879,1078,302,16,44,,2022484408
2016-04-10,2458.0,10005,7.01999998092651,1077,339,23,1,,2022484408
2016-04-11,2568.0,10106,7.09000015258789,1111,272,16,41,,2022484408
2016-04-12,1140.0,6717,4.71999979019165,551,67,5,41,,2022484408
2016-04-01,1407.0,2605,1.62000000476837,729,166,0,0,,2026352035
2016-04-02,1237.0,1229,0.759999990463257,795,69,0,0,,2026352035
2016-04-03,1330.0,2308,1.42999994754791,720,115,0,0,,2026352035
2016-04-04,1583.0,6679,4.1399998664856,644,263,0,0,,2026352035
2016-04-05,1538.0,5645,3.5,621,248,0,0,,2026352035
2016-04-06,1421.0,3180,1.97000002861023,738,185,0,0,,2026352035
2016-04-07,1392.0,2767,1.72000002861023,673,170,0,0,,2026352035
2016-04-08,1425.0,3762,2.32999992370605,719,173,0,0,,2026352035
2016-04-09,1413.0,3098,1.91999995708466,700,185,0,0,,2026352035
2016-04-10,1515.0,5142,3.19000005722046,654,230,0,0,,2026352035
2016-04-11,1405.0,3279,2.02999997138977,694,164,0,0,,2026352035
2016-04-12,600.0,1019,0.629999995231628,223,64,0,0,,2026352035
2016-04-05,1708.0,4931,3.3199999332428,1265,175,0,0,,2320127002
2016-04-06,1950.0,6999,4.71999979019165,1120,320,0,0,,2320127002
2016-04-07,1508.0,1846,1.24000000953674,1347,93,0,0,,2320127002
2016-04-08,1625.0,3417,2.29999995231628,1287,153,0,0,,2320127002
2016-04-09,1772.0,4863,3.27999997138977,1220,208,11,1,,2320127002
2016-04-10,1530.0,2277,1.52999997138977,1337,103,0,0,,2320127002
2016-04-11,2206.0,11230,7.67000007629395,1038,390,2,10,,2320127002
2016-04-12,790.0,2098,1.4099999666214,617,69,0,0,,2320127002
2016-03-29,2041.0,10272,6.78999996185303,700,208,58,2,,2347167796
2016-03-30,2187.0,10533,7.09999990463257,615,255,35,21,,2347167796
2016-03-31,1929.0,6760,4.46999979019165,613,250,0,0,,2347167796
2016-04-01,1935.0,8328,5.51000022888184,804,212,33,0,,2347167796
2016-04-02,2438.0,15459,10.2200002670288,583,327,16,51,,2347167796
2016-04-03,2035.0,7485,4.94999980926514,491,324,0,0,,2347167796
2016-04-04,2099.0,10254,6.80000019073486,638,231,25,21,,2347167796
2016-04-05,2096.0,10114,6.82000017166138,696,269,9,18,,2347167796
2016-04-06,2058.0,11107,7.34000015258789,759,196,46,14,,2347167796
2016-04-07,2338.0,10320,6.84999990463257,1002,315,32,15,,2347167796
2016-04-08,2104.0,10209,6.75,711,316,6,2,,2347167796
2016-04-09,2488.0,16081,10.6300001144409,970,401,32,16,,2347167796
2016-04-10,2164.0,10078,6.82999992370605,463,303,3,12,,2347167796
2016-04-11,2009.0,10001,6.6100001335144,788,196,52,5,,2347167796
2016-04-01,1335.0,890,0.600000023841858,1399,41,0,0,,2873212765
2016-04-02,1559.0,2214,1.49000000953674,1243,197,0,0,,2873212765
2016-04-03,1845.0,7640,5.13000011444092,1107,315,15,3,,2873212765
2016-04-04,2046.0,9713,6.53000020980835,1055,355,24,6,,2873212765
2016-04-05,1953.0,8432,5.67000007629395,1066,374,0,0,,2873212765
2016-04-06,1910.0,7350,4.94000005722046,1058,382,0,0,,2873212765
2016-04-07,2035.0,9353,6.30999994277954,1055,363,17,5,,2873212765
2016-04-08,1944.0,7157,4.80999994277954,1060,380,0,0,,2873212765
2016-04-09,2257.0,14103,9.5600004196167,1098,288,8,46,,2873212765
2016-04-10,1724.0,5290,3.54999995231628,1180,251,8,1,,2873212765
2016-04-11,1741.0,7497,5.03999996185303,882,357,0,0,,2873212765
2016-04-02,2881.0,4126,3.22000002861023,720,720,0,0,,2891001357
2016-04-05,1144.0,2063,1.61000001430511,99,630,0,0,,2891001357
2016-04-01,1852.0,5785,3.95000004768372,1129,311,0,0,,3372868164
2016-04-02,2069.0,7625,5.23000001907349,1074,341,1,24,,3372868164
2016-04-03,1816.0,4706,3.21000003814697,1141,299,0,0,,3372868164
2016-04-04,1878.0,5861,4.01999998092651,1180,233,7,20,,3372868164
2016-04-05,1787.0,4460,3.03999996185303,1192,248,0,0,,3372868164
2016-04-06,2010.0,6406,4.3899998664856,1094,325,4,17,,3372868164
2016-04-07,2038.0,7392,5.09999990463257,1085,332,9,14,,3372868164
2016-04-08,1815.0,5551,3.78999996185303,1158,282,0,0,,3372868164
2016-04-09,2062.0,8827,6.25,1063,346,10,21,,3372868164
2016-04-10,1276.0,4662,3.1800000667572,735,152,4,22,,3372868164
2016-04-01,1288.0,4499,3.00999999046326,842,168,0,0,,3977333714
2016-04-02,1490.0,7618,5.09999990463257,842,302,6,0,,3977333714
2016-04-03,1630.0,11508,7.69999980926514,748,282,22,29,,3977333714
2016-04-04,1648.0,11943,7.98999977111816,710,297,43,16,,3977333714
2016-04-05,1649.0,12303,8.22999954223633,605,291,32,26,,3977333714
2016-04-06,1783.0,15425,10.3199996948242,614,331,45,24,,3977333714
2016-04-07,1431.0,8422,5.63000011444092,815,139,81,0,,3977333714
2016-04-08,1524.0,10226,6.84000015258789,685,174,101,0,,3977333714
2016-04-09,1697.0,14583,9.76000022888184,697,254,36,35,,3977333714
2016-04-10,1232.0,3573,2.39000010490417,866,99,8,15,,3977333714
2016-04-11,1223.0,3108,2.14000010490417,894,129,1,1,,3977333714
2016-04-12,182.0,759,0.569999992847443,187,17,0,0,,3977333714
2016-03-12,2990.0,5543,3.97000002861023,757,254,0,0,,4020332650
2016-03-13,2480.0,3226,2.30999994277954,771,136,0,0,,4020332650
2016-03-14,2570.0,3023,2.17000007629395,1005,145,0,0,,4020332650
2016-03-15,3016.0,5906,4.23000001907349,874,215,10,0,,4020332650
2016-03-16,3830.0,12483,8.98999977111816,599,309,14,25,,4020332650
2016-03-17,3706.0,8940,6.40999984741211,986,47,0,0,,4020332650
2016-03-18,2024.0,368,0.259999990463257,1440,0,0,0,,4020332650
2016-03-19,2980.0,5702,4.09000015258789,1440,0,0,0,,4020332650
2016-03-20,3728.0,10330,7.40999984741211,1440,0,0,0,,4020332650
2016-03-21,3348.0,8778,6.28999996185303,1440,0,0,0,,4020332650
2016-03-22,3162.0,6662,4.78000020980835,1440,0,0,0,,4020332650
2016-03-23,3140.0,6309,4.51999998092651,1440,0,0,0,,4020332650
2016-03-24,1980.0,1951,1.4099999666214,1440,0,0,0,,4020332650
2016-03-25,3681.0,5563,3.99000000953674,1440,0,0,0,,4020332650
2016-03-26,3444.0,4370,3.13000011444092,1440,0,0,0,,4020332650
2016-03-27,3510.0,7144,5.11999988555908,1440,0,0,0,,4020332650
2016-03-28,4010.0,2106,1.50999999046326,1289,75,45,31,,4020332650
2016-03-29,2976.0,4152,2.98000001907349,1253,187,0,0,,4020332650
2016-03-30,3418.0,5400,3.86999988555908,795,258,0,0,,4020332650
2016-03-31,3439.0,7428,5.32999992370605,860,261,33,18,,4020332650
2016-04-01,3338.0,5351,3.83999991416931,748,210,17,15,,4020332650
2016-04-02,2892.0,4299,3.09999990463257,752,162,15,3,,4020332650
2016-04-03,3313.0,6107,4.38000011444092,776,265,0,0,,4020332650
2016-04-04,3118.0,6429,4.59999990463257,741,193,28,0,,4020332650
2016-04-05,2966.0,6880,4.92999982833862,1249,165,19,7,,4020332650
2016-04-06,3253.0,7476,5.3600001335144,920,263,0,0,,4020332650
2016-04-07,3032.0,6581,4.71999979019165,1191,241,8,0,,4020332650
2016-04-08,4034.0,10480,7.51000022888184,1125,272,37,6,,4020332650
2016-04-09,3264.0,7734,5.55000019073486,1185,223,12,20,,4020332650
2016-04-10,2817.0,5129,3.6800000667572,1178,176,7,5,,4020332650
2016-04-11,2507.0,2993,2.15000009536743,888,114,0,0,,4020332650
2016-04-12,446.0,8,0.0099999997764825,321,1,0,0,,4020332650
2016-03-14,2453.0,8433,6.23000001907349,1268,135,7,30,,4057192912
2016-03-16,1935.0,2139,1.55999994277954,1397,15,28,0,,4057192912
2016-03-18,1870.0,949,0.689999997615814,1406,34,0,0,,4057192912
2016-03-20,1782.0,44,0.0299999993294477,1438,2,0,0,,4057192912
2016-03-21,1978.0,2660,1.94000005722046,1394,46,0,0,,4057192912
2016-03-22,2296.0,5561,4.19000005722046,1271,169,0,0,,4057192912
2016-03-23,2484.0,7239,5.34000015258789,1236,190,7,7,,4057192912
2016-03-24,1787.0,7,0.0099999997764825,1439,1,0,0,,4057192912
2016-03-27,2005.0,2275,1.67999994754791,1354,86,0,0,,4057192912
2016-03-28,1778.0,8,0.0099999997764825,1439,1,0,0,,4057192912
2016-03-29,2293.0,5137,3.75999999046326,1280,160,0,0,,4057192912
2016-03-30,2259.0,5419,4.0,1295,145,0,0,,4057192912
2016-04-06,1780.0,18,0.0099999997764825,1438,2,0,0,,4057192912
2016-04-07,1778.0,4,0.0,1439,1,0,0,,4057192912
2016-04-08,2360.0,8426,6.15999984741211,1293,25,120,2,,4057192912
2016-04-09,1952.0,1650,1.21000003814697,1380,60,0,0,,4057192912
2016-04-10,2101.0,3434,2.50999999046326,1324,108,7,1,,4057192912
2016-04-11,2393.0,6801,4.98000001907349,1247,193,0,0,,4057192912
2016-04-12,538.0,187,0.140000000596046,400,11,0,0,,4057192912
2016-03-29,1958.0,5643,3.78999996185303,683,199,8,3,,4319703577
2016-03-30,2141.0,9043,6.07000017166138,702,244,12,4,,4319703577
2016-03-31,2129.0,8144,5.46000003814697,1125,247,17,4,,4319703577
2016-04-01,2216.0,9343,6.26999998092651,654,268,20,14,,4319703577
2016-04-02,2154.0,8405,5.65999984741211,621,257,4,15,,4319703577
2016-04-03,2178.0,8223,5.51999998092651,551,257,37,12,,4319703577
2016-04-04,2308.0,10067,6.76000022888184,578,313,39,5,,4319703577
2016-04-05,2201.0,8359,5.63000011444092,638,311,14,3,,4319703577
2016-04-06,2341.0,10946,7.34999990463257,569,308,51,8,,4319703577
2016-04-07,2236.0,9130,6.15000009536743,668,304,11,7,,4319703577
2016-04-08,2069.0,6544,4.40999984741211,1132,276,6,4,,4319703577
2016-03-29,2010.0,2303,1.54999995231628,807,155,0,0,,4445114986
2016-03-30,2032.0,2600,1.74000000953674,1277,163,0,0,,4445114986
2016-03-31,2227.0,4804,3.22000002861023,786,238,0,0,,4445114986
2016-04-01,2133.0,3271,2.19000005722046,898,205,0,0,,4445114986
2016-04-02,2317.0,5406,3.63000011444092,672,273,0,0,,4445114986
2016-04-03,2058.0,3146,2.10999989509583,1269,171,0,0,,4445114986
2016-04-04,1935.0,2422,1.62999999523163,1330,110,0,0,,4445114986
2016-04-05,2217.0,4239,2.83999991416931,702,235,6,1,,4445114986
2016-04-06,2374.0,6911,4.78000020980835,745,215,2,28,,4445114986
2016-04-07,2335.0,6667,4.6100001335144,939,208,1,24,,4445114986
2016-04-08,2303.0,5543,3.72000002861023,941,266,0,0,,4445114986
2016-04-09,2210.0,4195,2.80999994277954,758,239,0,0,,4445114986
2016-04-10,2424.0,6625,4.44999980926514,755,316,0,0,,4445114986
2016-04-11,2297.0,5986,4.13000011444092,789,195,5,23,,4445114986
2016-04-12,745.0,278,0.189999997615814,253,20,0,0,,4445114986
2016-04-01,1902.0,5336,3.52999997138977,1182,258,0,0,,4558609924
2016-04-02,1680.0,3183,2.09999990463257,1180,173,0,0,,4558609924
2016-04-03,1901.0,6176,4.07999992370605,886,269,7,1,,4558609924
2016-04-04,2078.0,8205,5.42000007629395,1073,367,0,0,,4558609924
2016-04-05,1876.0,6799,4.48999977111816,1217,185,14,24,,4558609924
2016-04-06,1853.0,5668,3.75,1181,259,0,0,,4558609924
2016-04-07,2235.0,7998,5.28999996185303,1105,296,12,27,,4558609924
2016-04-08,1778.0,4195,2.76999998092651,1199,241,0,0,,4558609924
2016-04-09,1882.0,5512,3.64000010490417,1164,276,0,0,,4558609924
2016-04-10,1906.0,6263,4.1399998664856,1150,290,0,0,,4558609924
2016-04-11,2149.0,8828,5.84000015258789,1132,308,0,0,,4558609924
2016-04-12,722.0,1260,0.829999983310699,555,76,0,0,,4558609924
2016-03-29,2886.0,6506,5.28000020980835,760,241,5,4,,4702921684
2016-03-30,2915.0,7583,6.15000009536743,742,227,13,3,,4702921684
2016-03-31,2895.0,6963,5.65000009536743,759,256,0,0,,4702921684
2016-04-01,2923.0,7165,5.80999994277954,708,248,9,0,,4702921684
2016-04-02,3323.0,10328,8.38000011444092,475,367,32,0,,4702921684
2016-04-03,3357.0,12116,9.82999992370605,471,323,57,3,,4702921684
2016-04-04,2931.0,7810,6.3600001335144,746,216,27,6,,4702921684
2016-04-05,2848.0,6670,5.40999984741211,770,199,16,15,,4702921684
2016-04-06,2943.0,7605,6.17999982833862,708,248,4,4,,4702921684
2016-04-07,2822.0,6585,5.34000015258789,770,210,0,0,,4702921684
2016-04-08,2981.0,8184,6.6399998664856,808,247,15,0,,4702921684
2016-04-09,3597.0,14002,11.3599996566772,407,381,56,8,,4702921684
2016-04-10,3224.0,11135,9.02999973297119,528,331,25,1,,4702921684
2016-04-11,2677.0,6499,5.26999998092651,809,207,0,0,,4702921684
2016-04-01,2142.0,12409,8.10000038146973,782,235,12,51,,5553957443
2016-04-02,1615.0,2937,1.91999995708466,356,181,0,0,,5553957443
2016-04-03,1481.0,1515,0.990000009536743,507,93,0,0,,5553957443
2016-04-04,1892.0,8921,5.88000011444092,754,198,8,27,,5553957443
2016-04-05,2086.0,11306,7.38000011444092,772,218,26,40,,5553957443
2016-04-06,2044.0,12252,8.0,745,229,28,33,,5553957443
2016-04-07,2249.0,15444,10.0799999237061,731,243,39,51,,5553957443
2016-04-08,2019.0,9938,6.48999977111816,767,193,24,38,,5553957443
2016-04-09,1692.0,4599,3.0,578,176,0,0,,5553957443
2016-04-10,1712.0,5594,3.65000009536743,552,150,25,4,,5553957443
2016-04-11,2065.0,11906,7.76999998092651,688,234,27,32,,5553957443
2016-04-12,633.0,3436,2.24000000953674,61,50,11,7,,5553957443
2016-04-01,3625.0,10461,7.86999988555908,721,142,31,99,,5577150313
2016-04-02,4430.0,14873,11.1099996566772,663,153,36,202,,5577150313
2016-04-03,3427.0,9917,7.40999984741211,700,240,27,58,,5577150313
2016-04-04,3492.0,7401,5.55999994277954,689,204,19,70,,5577150313
2016-04-05,3597.0,8964,6.69999980926514,756,145,18,107,,5577150313
2016-04-06,3765.0,11080,8.30000019073486,695,190,52,83,,5577150313
2016-04-07,2775.0,4499,3.35999989509583,756,146,11,31,,5577150313
2016-04-08,2486.0,4363,3.25999999046326,813,156,2,8,,5577150313
2016-04-09,3817.0,10494,7.84000015258789,601,138,62,123,,5577150313
2016-04-10,3378.0,9776,7.38000011444092,721,162,35,80,,5577150313
2016-04-11,1511.0,2862,2.14000010490417,209,54,17,39,,5577150313
2016-04-01,2210.0,7444,5.61999988555908,568,286,0,0,,6117666160
2016-04-02,2884.0,19658,14.8400001525879,466,475,30,3,,6117666160
2016-04-04,2262.0,8468,6.3899998664856,1148,279,11,2,,6117666160
2016-04-05,2445.0,9910,7.48000001907349,990,384,0,0,,6117666160
2016-04-06,2694.0,12409,9.36999988555908,388,491,0,0,,6117666160
2016-04-07,1903.0,4853,3.66000008583069,770,156,0,0,,6117666160
2016-04-08,2482.0,8955,6.76000022888184,1018,422,0,0,,6117666160
2016-04-09,2617.0,10789,8.14999961853027,413,506,0,0,,6117666160
2016-04-01,2778.0,6633,5.01000022888184,1160,280,0,0,,6290855005
2016-04-02,3119.0,9548,7.21999979019165,1195,113,107,25,,6290855005
2016-04-02,2224.0,2101,2.02999997138977,1394,0,0,46,,6391747486
2016-04-05,2442.0,9766,7.51000022888184,1133,301,6,0,,6391747486
2016-04-06,1849.0,165,0.129999995231628,1432,8,0,0,,6391747486
2016-04-01,3065.0,7225,5.17999982833862,1189,163,50,25,,6775888955
2016-04-02,2207.0,1988,1.42999994754791,909,79,0,0,,6775888955
2016-04-03,1977.0,1577,1.12999999523163,1414,8,17,1,,6775888955
2016-04-05,4286.0,9348,6.69999980926514,1011,240,133,56,,6775888955
2016-04-06,3920.0,11761,8.43000030517578,550,300,99,24,,6775888955
2016-04-07,3856.0,13987,10.0299997329712,739,250,114,46,,6775888955
2016-04-08,2584.0,4131,2.96000003814697,1308,75,30,27,,6775888955
2016-04-09,787.0,14,0.0099999997764825,601,1,0,0,,6775888955
2016-03-30,2244.0,15491,10.2399997711182,641,272,77,18,,6962181067
2016-03-31,2188.0,14097,9.31999969482422,595,234,32,50,,6962181067
2016-04-01,2014.0,10467,6.98000001907349,602,252,45,9,,6962181067
2016-04-02,2115.0,12437,8.30000019073486,732,219,24,50,,6962181067
2016-04-03,2055.0,12307,8.14000034332275,589,218,51,14,,6962181067
2016-04-04,2437.0,18952,12.8000001907349,570,327,20,73,,6962181067
2016-04-05,2158.0,12010,7.94000005722046,692,287,17,38,,6962181067
2016-04-06,2170.0,12480,8.85999965667725,593,276,14,55,,6962181067
2016-04-07,2244.0,13417,9.64999961853027,665,284,16,45,,6962181067
2016-04-08,2188.0,14400,10.8800001144409,697,276,37,27,,6962181067
2016-04-09,2231.0,12495,8.26000022888184,609,324,19,33,,6962181067
2016-04-10,2100.0,10148,6.71000003814697,679,306,7,19,,6962181067
2016-04-11,2188.0,12362,9.09000015258789,678,297,38,21,,6962181067
2016-04-12,917.0,5893,3.90000009536743,146,48,9,43,,6962181067
2016-04-01,2573.0,11680,9.0600004196167,1139,244,7,50,,7007744171
2016-04-02,2575.0,10976,7.34000015258789,1075,271,16,9,,7007744171
2016-04-03,3086.0,16806,11.2399997711182,1002,230,31,104,,7007744171
2016-04-04,2886.0,15266,11.3999996185303,1057,292,21,70,,7007744171
2016-04-05,2676.0,12084,9.14000034332275,1030,284,6,50,,7007744171
2016-04-06,2811.0,13513,10.25,1098,270,8,64,,7007744171
2016-04-07,2840.0,14100,10.5799999237061,1015,265,33,61,,7007744171
2016-04-08,2871.0,12627,9.64999961853027,1063,301,22,54,,7007744171
2016-04-09,2613.0,10345,6.92000007629395,1074,358,6,2,,7007744171
2016-04-10,2700.0,10146,6.78999996185303,1030,397,12,1,,7007744171
2016-04-11,2871.0,12168,8.14000034332275,1020,375,27,18,,7007744171
2016-04-12,1023.0,7413,5.76999998092651,405,43,6,53,,7007744171
2016-04-01,2496.0,11463,7.67000007629395,777,154,30,38,,7086361926
2016-04-02,1641.0,87,0.0199999995529652,872,2,0,0,,7086361926
2016-04-03,1794.0,1949,1.30999994277954,1404,27,6,3,,7086361926
2016-04-04,2421.0,6101,3.86999988555908,1247,138,24,31,,7086361926
2016-04-05,2439.0,7478,4.98999977111816,1159,132,33,25,,7086361926
2016-04-06,2233.0,7352,4.73000001907349,814,124,14,19,,7086361926
2016-04-07,2862.0,14604,10.8199996948242,695,127,30,76,,7086361926
2016-04-08,2752.0,9634,6.51999998092651,797,140,48,50,,7086361926
2016-04-09,2519.0,7338,4.67000007629395,717,204,5,27,,7086361926
2016-04-10,1799.0,569,0.349999994039536,1368,27,0,0,,7086361926
2016-04-11,2543.0,6242,3.92000007629395,741,126,22,46,,7086361926
2016-04-12,625.0,430,0.259999990463257,75,14,0,0,,7086361926
2016-04-02,3377.0,20188,15.6199998855591,1125,172,19,124,,8053475328
2016-04-03,3697.0,25701,20.1399993896484,1142,97,36,165,,8053475328
2016-04-04,3209.0,17395,13.210000038147,1123,213,4,100,,8053475328
2016-04-05,3167.0,17167,13.4099998474121,1150,184,8,98,,8053475328
2016-04-06,3122.0,16435,12.4200000762939,1135,191,14,100,,8053475328
2016-04-07,3176.0,17078,13.1999998092651,1143,190,6,101,,8053475328
2016-04-08,2790.0,11693,9.53999996185303,1221,153,6,60,,8053475328
2016-04-09,2715.0,11159,9.14000034332275,1255,120,6,59,,8053475328
2016-04-10,2684.0,10118,7.73000001907349,1185,207,18,30,,8053475328
2016-04-11,3097.0,16064,12.7200002670288,1181,155,8,96,,8053475328
2016-04-12,791.0,290,0.209999993443489,599,16,0,0,,8053475328
2016-04-06,1607.0,1931,1.27999997138977,1346,94,0,0,,8253242879
2016-04-07,1776.0,5181,3.42000007629395,1303,107,15,15,,8253242879
2016-04-08,2162.0,12026,9.14999961853027,1230,150,13,47,,8253242879
2016-04-09,1832.0,5360,3.53999996185303,1256,148,28,8,,8253242879
2016-04-10,1657.0,2545,1.67999994754791,1314,126,0,0,,8253242879
2016-04-11,1377.0,1636,1.08000004291534,1139,86,0,0,,8253242879
2016-04-01,3669.0,14179,11.2399997711182,719,195,21,73,,8378563200
2016-04-02,2702.0,3358,2.66000008583069,657,144,0,0,,8378563200
2016-04-03,3304.0,9152,7.26000022888184,600,243,13,25,,8378563200
2016-04-04,4234.0,13935,11.0500001907349,658,220,16,105,,8378563200
2016-04-05,4128.0,12846,10.1899995803833,686,189,15,113,,8378563200
2016-04-06,3798.0,9124,7.23999977111816,728,230,6,55,,8378563200
2016-04-07,3839.0,9725,7.71000003814697,670,181,11,83,,8378563200
2016-04-08,3713.0,8350,6.61999988555908,868,167,10,72,,8378563200
2016-04-09,2606.0,2240,1.77999997138977,843,110,0,0,,8378563200
2016-04-10,2624.0,2631,2.08999991416931,727,117,0,0,,8378563200
2016-04-11,3775.0,8837,7.01000022888184,811,182,17,74,,8378563200
2016-04-12,1882.0,3246,2.5699999332428,243,49,15,65,,8378563200
2016-04-01,2360.0,2174,1.70000004768372,1328,112,0,0,,8583815059
2016-04-02,2517.0,3494,2.73000001907349,1274,166,0,0,,8583815059
2016-04-03,2400.0,2380,1.86000001430511,1309,131,0,0,,8583815059
2016-04-04,2462.0,3159,2.46000003814697,1293,147,0,0,,8583815059
2016-04-05,2786.0,6835,5.32999992370605,1208,212,15,5,,8583815059
2016-04-06,2354.0,2098,1.63999998569489,1328,112,0,0,,8583815059
2016-04-07,2437.0,2816,2.20000004768372,1302,138,0,0,,8583815059
2016-04-08,1814.0,1408,1.10000002384186,1052,79,0,0,,8583815059
2016-04-01,2260.0,4592,2.94000005722046,748,176,8,4,,8792009665
2016-04-02,3004.0,8452,5.40999984741211,1079,328,24,9,,8792009665
2016-04-03,2667.0,7238,4.63000011444092,636,279,6,2,,8792009665
2016-04-04,2229.0,3821,2.45000004768372,675,161,9,0,,8792009665
2016-04-05,2100.0,2332,1.49000000953674,904,111,10,1,,8792009665
2016-04-06,2114.0,2121,1.36000001430511,855,122,0,0,,8792009665
2016-04-07,1961.0,1291,0.829999983310699,888,77,0,0,,8792009665
2016-04-08,1953.0,1467,0.939999997615814,912,71,8,2,,8792009665
2016-04-09,1890.0,1022,0.649999976158142,739,63,0,0,,8792009665
2016-04-10,2253.0,4605,2.95000004768372,1261,179,0,0,,8792009665
2016-04-11,1725.0,178,0.109999999403954,1428,12,0,0,,8792009665
2016-04-12,728.0,20,0.0099999997764825,598,6,0,0,,8792009665
2016-04-01,3527.0,18700,15.8199996948242,1123,247,3,67,,8877689391
2016-04-02,4220.0,27572,23.3899993896484,1040,260,24,116,,8877689391
2016-04-03,3864.0,15260,8.1899995803833,1058,259,17,106,,8877689391
2016-04-04,3662.0,20779,18.4099998474121,1138,208,16,78,,8877689391
2016-04-05,2834.0,10695,8.11999988555908,1181,246,3,10,,8877689391
2016-04-06,4039.0,24136,20.9099998474121,1019,318,16,87,,8877689391
2016-04-07,2947.0,10910,8.42000007629395,1185,212,11,32,,8877689391
2016-04-08,4196.0,23014,20.3899993896484,982,359,29,70,,8877689391
2016-04-09,3841.0,16470,8.06999969482422,1052,289,9,90,,8877689391
2016-04-10,4526.0,28497,27.5300006866455,1055,211,46,128,,8877689391
2016-04-11,2820.0,10622,8.0600004196167,1190,225,7,18,,8877689391
2016-04-12,938.0,2350,1.77999997138977,531,58,0,0,,8877689391
